,psnr,ssim,delta_e
0,19.24574712553106,0.6961939,10.723698
